Team,Year,Primary_Coach,Combined_Coach,Total_Coaches
ATL,1970,Norm Van Brocklin,Norm Van Brocklin,1
ATL,1971,Norm Van Brocklin,Norm Van Brocklin,1
ATL,1972,Norm Van Brocklin,Norm Van Brocklin,1
ATL,1973,Norm Van Brocklin,Norm Van Brocklin,1
ATL,1974,Norm Van Brocklin,Marion Campbell / Norm Van Brocklin,2
ATL,1975,Marion Campbell,Marion Campbell,1
ATL,1976,Marion Campbell,Marion Campbell / Pat Peppler,2
ATL,1977,Leeman Bennett,Leeman Bennett,1
ATL,1978,Leeman Bennett,Leeman Bennett,1
ATL,1979,Leeman Bennett,Leeman Bennett,1
ATL,1980,Leeman Bennett,Leeman Bennett,1
ATL,1981,Leeman Bennett,Leeman Bennett,1
ATL,1982,Leeman Bennett,Leeman Bennett,1
ATL,1983,Dan Henning,Dan Henning,1
ATL,1984,Dan Henning,Dan Henning,1
ATL,1985,Dan Henning,Dan Henning,1
ATL,1986,Dan Henning,Dan Henning,1
ATL,1987,Marion Campbell,Marion Campbell,1
ATL,1988,Marion Campbell,Marion Campbell,1
ATL,1989,Marion Campbell,Jim Hanifan / Marion Campbell,2
ATL,1990,Jerry Glanville,Jerry Glanville,1
ATL,1991,Jerry Glanville,Jerry Glanville,1
ATL,1992,Jerry Glanville,Jerry Glanville,1
ATL,1993,Jerry Glanville,Jerry Glanville,1
ATL,1994,June Jones,June Jones,1
ATL,1995,June Jones,June Jones,1
ATL,1996,June Jones,June Jones,1
ATL,1997,Dan Reeves,Dan Reeves,1
ATL,1998,Dan Reeves,Dan Reeves,1
ATL,1999,Dan Reeves,Dan Reeves,1
ATL,2000,Dan Reeves,Dan Reeves,1
ATL,2001,Dan Reeves,Dan Reeves,1
ATL,2002,Dan Reeves,Dan Reeves,1
ATL,2003,Dan Reeves,Dan Reeves / Wade Phillips,2
ATL,2004,Jim Mora,Jim Mora,1
ATL,2005,Jim Mora,Jim Mora,1
ATL,2006,Jim Mora,Jim Mora,1
ATL,2007,Bobby Petrino,Bobby Petrino / Emmitt Thomas,2
ATL,2008,Mike Smith,Mike Smith,1
ATL,2009,Mike Smith,Mike Smith,1
ATL,2010,Mike Smith,Mike Smith,1
ATL,2011,Mike Smith,Mike Smith,1
ATL,2012,Mike Smith,Mike Smith,1
ATL,2013,Mike Smith,Mike Smith,1
ATL,2014,Mike Smith,Mike Smith,1
ATL,2015,Dan Quinn,Dan Quinn,1
ATL,2016,Dan Quinn,Dan Quinn,1
ATL,2017,Dan Quinn,Dan Quinn,1
ATL,2018,Dan Quinn,Dan Quinn,1
ATL,2019,Dan Quinn,Dan Quinn,1
ATL,2020,Dan Quinn,Dan Quinn / Raheem Morris,2
ATL,2021,Arthur Smith,Arthur Smith,1
ATL,2022,Arthur Smith,Arthur Smith,1
ATL,2023,Arthur Smith,Arthur Smith,1
ATL,2024,Raheem Morris,Raheem Morris,1
BOS,1970,Clive Rush,Clive Rush / John Mazur,2
BUF,1970,John Rauch,John Rauch,1
BUF,1971,Harvey Johnson,Harvey Johnson,1
BUF,1972,Lou Saban,Lou Saban,1
BUF,1973,Lou Saban,Lou Saban,1
BUF,1974,Lou Saban,Lou Saban,1
BUF,1975,Lou Saban,Lou Saban,1
BUF,1976,Lou Saban,Jim Ringo / Lou Saban,2
BUF,1977,Jim Ringo,Jim Ringo,1
BUF,1978,Chuck Knox,Chuck Knox,1
BUF,1979,Chuck Knox,Chuck Knox,1
BUF,1980,Chuck Knox,Chuck Knox,1
BUF,1981,Chuck Knox,Chuck Knox,1
BUF,1982,Chuck Knox,Chuck Knox,1
BUF,1983,Kay Stephenson,Kay Stephenson,1
BUF,1984,Kay Stephenson,Kay Stephenson,1
BUF,1985,Kay Stephenson,Hank Bullough / Kay Stephenson,2
BUF,1986,Hank Bullough,Hank Bullough / Marv Levy,2
BUF,1987,Marv Levy,Marv Levy,1
BUF,1988,Marv Levy,Marv Levy,1
BUF,1989,Marv Levy,Marv Levy,1
BUF,1990,Marv Levy,Marv Levy,1
BUF,1991,Marv Levy,Marv Levy,1
BUF,1992,Marv Levy,Marv Levy,1
BUF,1993,Marv Levy,Marv Levy,1
BUF,1994,Marv Levy,Marv Levy,1
BUF,1995,Marv Levy,Marv Levy,1
BUF,1996,Marv Levy,Marv Levy,1
BUF,1997,Marv Levy,Marv Levy,1
BUF,1998,Wade Phillips,Wade Phillips,1
BUF,1999,Wade Phillips,Wade Phillips,1
BUF,2000,Wade Phillips,Wade Phillips,1
BUF,2001,Gregg Williams,Gregg Williams,1
BUF,2002,Gregg Williams,Gregg Williams,1
BUF,2003,Gregg Williams,Gregg Williams,1
BUF,2004,Mike Mularkey,Mike Mularkey,1
BUF,2005,Mike Mularkey,Mike Mularkey,1
BUF,2006,Dick Jauron,Dick Jauron,1
BUF,2007,Dick Jauron,Dick Jauron,1
BUF,2008,Dick Jauron,Dick Jauron,1
BUF,2009,Dick Jauron,Dick Jauron / Perry Fewell,2
BUF,2010,Chan Gailey,Chan Gailey,1
BUF,2011,Chan Gailey,Chan Gailey,1
BUF,2012,Chan Gailey,Chan Gailey,1
BUF,2013,Doug Marrone,Doug Marrone,1
BUF,2014,Doug Marrone,Doug Marrone,1
BUF,2015,Rex Ryan,Rex Ryan,1
BUF,2016,Rex Ryan,Anthony Lynn / Rex Ryan,2
BUF,2017,Sean McDermott,Sean McDermott,1
BUF,2018,Sean McDermott,Sean McDermott,1
BUF,2019,Sean McDermott,Sean McDermott,1
BUF,2020,Sean McDermott,Sean McDermott,1
BUF,2021,Sean McDermott,Sean McDermott,1
BUF,2022,Sean McDermott,Sean McDermott,1
BUF,2023,Sean McDermott,Sean McDermott,1
BUF,2024,Sean McDermott,Sean McDermott,1
CAR,1995,Dom Capers,Dom Capers,1
CAR,1996,Dom Capers,Dom Capers,1
CAR,1997,Dom Capers,Dom Capers,1
CAR,1998,Dom Capers,Dom Capers,1
CAR,1999,George Seifert,George Seifert,1
CAR,2000,George Seifert,George Seifert,1
CAR,2001,George Seifert,George Seifert,1
CAR,2002,John Fox,John Fox,1
CAR,2003,John Fox,John Fox,1
CAR,2004,John Fox,John Fox,1
CAR,2005,John Fox,John Fox,1
CAR,2006,John Fox,John Fox,1
CAR,2007,John Fox,John Fox,1
CAR,2008,John Fox,John Fox,1
CAR,2009,John Fox,John Fox,1
CAR,2010,John Fox,John Fox,1
CAR,2011,Ron Rivera,Ron Rivera,1
CAR,2012,Ron Rivera,Ron Rivera,1
CAR,2013,Ron Rivera,Ron Rivera,1
CAR,2014,Ron Rivera,Ron Rivera,1
CAR,2015,Ron Rivera,Ron Rivera,1
CAR,2016,Ron Rivera,Ron Rivera,1
CAR,2017,Ron Rivera,Ron Rivera,1
CAR,2018,Ron Rivera,Ron Rivera,1
CAR,2019,Ron Rivera,Perry Fewell / Ron Rivera,2
CAR,2020,Matt Rhule,Matt Rhule,1
CAR,2021,Matt Rhule,Matt Rhule,1
CAR,2022,Matt Rhule,Matt Rhule / Steve Wilks,2
CAR,2023,Chris Tabor,Chris Tabor / Frank Reich,2
CAR,2024,Dave Canales,Dave Canales,1
CHI,1970,Jim Dooley,Jim Dooley,1
CHI,1971,Jim Dooley,Jim Dooley,1
CHI,1972,Abe Gibron,Abe Gibron,1
CHI,1973,Abe Gibron,Abe Gibron,1
CHI,1974,Abe Gibron,Abe Gibron,1
CHI,1975,Jack Pardee,Jack Pardee,1
CHI,1976,Jack Pardee,Jack Pardee,1
CHI,1977,Jack Pardee,Jack Pardee,1
CHI,1978,Neill Armstrong,Neill Armstrong,1
CHI,1979,Neill Armstrong,Neill Armstrong,1
CHI,1980,Neill Armstrong,Neill Armstrong,1
CHI,1981,Neill Armstrong,Neill Armstrong,1
CHI,1982,Mike Ditka,Mike Ditka,1
CHI,1983,Mike Ditka,Mike Ditka,1
CHI,1984,Mike Ditka,Mike Ditka,1
CHI,1985,Mike Ditka,Mike Ditka,1
CHI,1986,Mike Ditka,Mike Ditka,1
CHI,1987,Mike Ditka,Mike Ditka,1
CHI,1988,Mike Ditka,Mike Ditka,1
CHI,1989,Mike Ditka,Mike Ditka,1
CHI,1990,Mike Ditka,Mike Ditka,1
CHI,1991,Mike Ditka,Mike Ditka,1
CHI,1992,Mike Ditka,Mike Ditka,1
CHI,1993,Dave Wannstedt,Dave Wannstedt,1
CHI,1994,Dave Wannstedt,Dave Wannstedt,1
CHI,1995,Dave Wannstedt,Dave Wannstedt,1
CHI,1996,Dave Wannstedt,Dave Wannstedt,1
CHI,1997,Dave Wannstedt,Dave Wannstedt,1
CHI,1998,Dave Wannstedt,Dave Wannstedt,1
CHI,1999,Dick Jauron,Dick Jauron,1
CHI,2000,Dick Jauron,Dick Jauron,1
CHI,2001,Dick Jauron,Dick Jauron,1
CHI,2002,Dick Jauron,Dick Jauron,1
CHI,2003,Dick Jauron,Dick Jauron,1
CHI,2004,Lovie Smith,Lovie Smith,1
CHI,2005,Lovie Smith,Lovie Smith,1
CHI,2006,Lovie Smith,Lovie Smith,1
CHI,2007,Lovie Smith,Lovie Smith,1
CHI,2008,Lovie Smith,Lovie Smith,1
CHI,2009,Lovie Smith,Lovie Smith,1
CHI,2010,Lovie Smith,Lovie Smith,1
CHI,2011,Lovie Smith,Lovie Smith,1
CHI,2012,Lovie Smith,Lovie Smith,1
CHI,2013,Marc Trestman,Marc Trestman,1
CHI,2014,Marc Trestman,Marc Trestman,1
CHI,2015,John Fox,John Fox,1
CHI,2016,John Fox,John Fox,1
CHI,2017,John Fox,John Fox,1
CHI,2018,Matt Nagy,Matt Nagy,1
CHI,2019,Matt Nagy,Matt Nagy,1
CHI,2020,Matt Nagy,Matt Nagy,1
CHI,2021,Matt Nagy,Matt Nagy,1
CHI,2022,Matt Eberflus,Matt Eberflus,1
CHI,2023,Matt Eberflus,Matt Eberflus,1
CHI,2024,Matt Eberflus,Matt Eberflus / Thomas Brown,2
CIN,1970,Paul Brown,Paul Brown,1
CIN,1971,Paul Brown,Paul Brown,1
CIN,1972,Paul Brown,Paul Brown,1
CIN,1973,Paul Brown,Paul Brown,1
CIN,1974,Paul Brown,Paul Brown,1
CIN,1975,Paul Brown,Paul Brown,1
CIN,1976,Bill Johnson,Bill Johnson,1
CIN,1977,Bill Johnson,Bill Johnson,1
CIN,1978,Bill Johnson,Bill Johnson / Homer Rice,2
CIN,1979,Homer Rice,Homer Rice,1
CIN,1980,Forrest Gregg,Forrest Gregg,1
CIN,1981,Forrest Gregg,Forrest Gregg,1
CIN,1982,Forrest Gregg,Forrest Gregg,1
CIN,1983,Forrest Gregg,Forrest Gregg,1
CIN,1984,Sam Wyche,Sam Wyche,1
CIN,1985,Sam Wyche,Sam Wyche,1
CIN,1986,Sam Wyche,Sam Wyche,1
CIN,1987,Sam Wyche,Sam Wyche,1
CIN,1988,Sam Wyche,Sam Wyche,1
CIN,1989,Sam Wyche,Sam Wyche,1
CIN,1990,Sam Wyche,Sam Wyche,1
CIN,1991,Sam Wyche,Sam Wyche,1
CIN,1992,David Shula,David Shula,1
CIN,1993,David Shula,David Shula,1
CIN,1994,David Shula,David Shula,1
CIN,1995,David Shula,David Shula,1
CIN,1996,David Shula,Bruce Coslet / David Shula,2
CIN,1997,Bruce Coslet,Bruce Coslet,1
CIN,1998,Bruce Coslet,Bruce Coslet,1
CIN,1999,Bruce Coslet,Bruce Coslet,1
CIN,2000,Bruce Coslet,Bruce Coslet / Dick LeBeau,2
CIN,2001,Dick LeBeau,Dick LeBeau,1
CIN,2002,Dick LeBeau,Dick LeBeau,1
CIN,2003,Marvin Lewis,Marvin Lewis,1
CIN,2004,Marvin Lewis,Marvin Lewis,1
CIN,2005,Marvin Lewis,Marvin Lewis,1
CIN,2006,Marvin Lewis,Marvin Lewis,1
CIN,2007,Marvin Lewis,Marvin Lewis,1
CIN,2008,Marvin Lewis,Marvin Lewis,1
CIN,2009,Marvin Lewis,Marvin Lewis,1
CIN,2010,Marvin Lewis,Marvin Lewis,1
CIN,2011,Marvin Lewis,Marvin Lewis,1
CIN,2012,Marvin Lewis,Marvin Lewis,1
CIN,2013,Marvin Lewis,Marvin Lewis,1
CIN,2014,Marvin Lewis,Marvin Lewis,1
CIN,2015,Marvin Lewis,Marvin Lewis,1
CIN,2016,Marvin Lewis,Marvin Lewis,1
CIN,2017,Marvin Lewis,Marvin Lewis,1
CIN,2018,Marvin Lewis,Marvin Lewis,1
CIN,2019,Zac Taylor,Zac Taylor,1
CIN,2020,Zac Taylor,Zac Taylor,1
CIN,2021,Zac Taylor,Zac Taylor,1
CIN,2022,Zac Taylor,Zac Taylor,1
CIN,2023,Zac Taylor,Zac Taylor,1
CIN,2024,Zac Taylor,Zac Taylor,1
CLE,1970,Blanton Collier,Blanton Collier,1
CLE,1971,Nick Skorich,Nick Skorich,1
CLE,1972,Nick Skorich,Nick Skorich,1
CLE,1973,Nick Skorich,Nick Skorich,1
CLE,1974,Nick Skorich,Nick Skorich,1
CLE,1975,Forrest Gregg,Forrest Gregg,1
CLE,1976,Forrest Gregg,Forrest Gregg,1
CLE,1977,Forrest Gregg,Dick Modzelewski / Forrest Gregg,2
CLE,1978,Sam Rutigliano,Sam Rutigliano,1
CLE,1979,Sam Rutigliano,Sam Rutigliano,1
CLE,1980,Sam Rutigliano,Sam Rutigliano,1
CLE,1981,Sam Rutigliano,Sam Rutigliano,1
CLE,1982,Sam Rutigliano,Sam Rutigliano,1
CLE,1983,Sam Rutigliano,Sam Rutigliano,1
CLE,1984,Sam Rutigliano,Marty Schottenheimer / Sam Rutigliano,2
CLE,1985,Marty Schottenheimer,Marty Schottenheimer,1
CLE,1986,Marty Schottenheimer,Marty Schottenheimer,1
CLE,1987,Marty Schottenheimer,Marty Schottenheimer,1
CLE,1988,Marty Schottenheimer,Marty Schottenheimer,1
CLE,1989,Bud Carson,Bud Carson,1
CLE,1990,Bud Carson,Bud Carson / Jim Shofner,2
CLE,1991,Bill Belichick,Bill Belichick,1
CLE,1992,Bill Belichick,Bill Belichick,1
CLE,1993,Bill Belichick,Bill Belichick,1
CLE,1994,Bill Belichick,Bill Belichick,1
CLE,1995,Bill Belichick,Bill Belichick,1
CLE,1999,Chris Palmer,Chris Palmer,1
CLE,2000,Chris Palmer,Chris Palmer,1
CLE,2001,Butch Davis,Butch Davis,1
CLE,2002,Butch Davis,Butch Davis,1
CLE,2003,Butch Davis,Butch Davis,1
CLE,2004,Butch Davis,Butch Davis / Terry Robiskie,2
CLE,2005,Romeo Crennel,Romeo Crennel,1
CLE,2006,Romeo Crennel,Romeo Crennel,1
CLE,2007,Romeo Crennel,Romeo Crennel,1
CLE,2008,Romeo Crennel,Romeo Crennel,1
CLE,2009,Eric Mangini,Eric Mangini,1
CLE,2010,Eric Mangini,Eric Mangini,1
CLE,2011,Pat Shurmur,Pat Shurmur,1
CLE,2012,Pat Shurmur,Pat Shurmur,1
CLE,2013,Rob Chudzinski,Rob Chudzinski,1
CLE,2014,Mike Pettine,Mike Pettine,1
CLE,2015,Mike Pettine,Mike Pettine,1
CLE,2016,Hue Jackson,Hue Jackson,1
CLE,2017,Hue Jackson,Hue Jackson,1
CLE,2018,Hue Jackson,Gregg Williams / Hue Jackson,2
CLE,2019,Freddie Kitchens,Freddie Kitchens,1
CLE,2020,Kevin Stefanski,Kevin Stefanski,1
CLE,2021,Kevin Stefanski,Kevin Stefanski,1
CLE,2022,Kevin Stefanski,Kevin Stefanski,1
CLE,2023,Kevin Stefanski,Kevin Stefanski,1
CLE,2024,Kevin Stefanski,Kevin Stefanski,1
CLT,1984,Frank Kush,Frank Kush / Hal Hunter,2
CLT,1985,Rod Dowhower,Rod Dowhower,1
CLT,1986,Rod Dowhower,Rod Dowhower / Ron Meyer,2
CLT,1987,Ron Meyer,Ron Meyer,1
CLT,1988,Ron Meyer,Ron Meyer,1
CLT,1989,Ron Meyer,Ron Meyer,1
CLT,1990,Ron Meyer,Ron Meyer,1
CLT,1991,Ron Meyer,Rick Venturi / Ron Meyer,2
CLT,1992,Ted Marchibroda,Ted Marchibroda,1
CLT,1993,Ted Marchibroda,Ted Marchibroda,1
CLT,1994,Ted Marchibroda,Ted Marchibroda,1
CLT,1995,Ted Marchibroda,Ted Marchibroda,1
CLT,1996,Lindy Infante,Lindy Infante,1
CLT,1997,Lindy Infante,Lindy Infante,1
CLT,2002,Tony Dungy,Tony Dungy,1
CLT,2003,Tony Dungy,Tony Dungy,1
CLT,2004,Tony Dungy,Tony Dungy,1
CLT,2005,Tony Dungy,Tony Dungy,1
CLT,2006,Tony Dungy,Tony Dungy,1
CLT,2007,Tony Dungy,Tony Dungy,1
CLT,2008,Tony Dungy,Tony Dungy,1
CLT,2009,Jim Caldwell,Jim Caldwell,1
CLT,2010,Jim Caldwell,Jim Caldwell,1
CLT,2011,Jim Caldwell,Jim Caldwell,1
CLT,2012,Chuck Pagano,Chuck Pagano,1
CLT,2013,Chuck Pagano,Chuck Pagano,1
CLT,2014,Chuck Pagano,Chuck Pagano,1
CLT,2015,Chuck Pagano,Chuck Pagano,1
CLT,2016,Chuck Pagano,Chuck Pagano,1
CLT,2017,Chuck Pagano,Chuck Pagano,1
CLT,2018,Frank Reich,Frank Reich,1
CLT,2019,Frank Reich,Frank Reich,1
CLT,2020,Frank Reich,Frank Reich,1
CLT,2021,Frank Reich,Frank Reich,1
CLT,2022,Frank Reich,Frank Reich / Jeff Saturday,2
CLT,2023,Shane Steichen,Shane Steichen,1
CLT,2024,Shane Steichen,Shane Steichen,1
CRD,1994,Buddy Ryan,Buddy Ryan,1
CRD,1995,Buddy Ryan,Buddy Ryan,1
CRD,1996,Vince Tobin,Vince Tobin,1
CRD,1997,Vince Tobin,Vince Tobin,1
CRD,1998,Vince Tobin,Vince Tobin,1
CRD,1999,Vince Tobin,Vince Tobin,1
CRD,2000,Vince Tobin,Dave McGinnis / Vince Tobin,2
CRD,2001,Dave McGinnis,Dave McGinnis,1
CRD,2002,Dave McGinnis,Dave McGinnis,1
CRD,2003,Dave McGinnis,Dave McGinnis,1
CRD,2004,Dennis Green,Dennis Green,1
CRD,2005,Dennis Green,Dennis Green,1
CRD,2006,Dennis Green,Dennis Green,1
CRD,2007,Ken Whisenhunt,Ken Whisenhunt,1
CRD,2008,Ken Whisenhunt,Ken Whisenhunt,1
CRD,2009,Ken Whisenhunt,Ken Whisenhunt,1
CRD,2010,Ken Whisenhunt,Ken Whisenhunt,1
CRD,2011,Ken Whisenhunt,Ken Whisenhunt,1
CRD,2012,Ken Whisenhunt,Ken Whisenhunt,1
CRD,2013,Bruce Arians,Bruce Arians,1
CRD,2014,Bruce Arians,Bruce Arians,1
CRD,2015,Bruce Arians,Bruce Arians,1
CRD,2016,Bruce Arians,Bruce Arians,1
CRD,2017,Bruce Arians,Bruce Arians,1
CRD,2018,Steve Wilks,Steve Wilks,1
CRD,2019,Kliff Kingsbury,Kliff Kingsbury,1
CRD,2020,Kliff Kingsbury,Kliff Kingsbury,1
CRD,2021,Kliff Kingsbury,Kliff Kingsbury,1
CRD,2022,Kliff Kingsbury,Kliff Kingsbury,1
CRD,2023,Jonathan Gannon,Jonathan Gannon,1
CRD,2024,Jonathan Gannon,Jonathan Gannon,1
DAL,1970,Tom Landry,Tom Landry,1
DAL,1971,Tom Landry,Tom Landry,1
DAL,1972,Tom Landry,Tom Landry,1
DAL,1973,Tom Landry,Tom Landry,1
DAL,1974,Tom Landry,Tom Landry,1
DAL,1975,Tom Landry,Tom Landry,1
DAL,1976,Tom Landry,Tom Landry,1
DAL,1977,Tom Landry,Tom Landry,1
DAL,1978,Tom Landry,Tom Landry,1
DAL,1979,Tom Landry,Tom Landry,1
DAL,1980,Tom Landry,Tom Landry,1
DAL,1981,Tom Landry,Tom Landry,1
DAL,1982,Tom Landry,Tom Landry,1
DAL,1983,Tom Landry,Tom Landry,1
DAL,1984,Tom Landry,Tom Landry,1
DAL,1985,Tom Landry,Tom Landry,1
DAL,1986,Tom Landry,Tom Landry,1
DAL,1987,Tom Landry,Tom Landry,1
DAL,1988,Tom Landry,Tom Landry,1
DAL,1989,Jimmy Johnson,Jimmy Johnson,1
DAL,1990,Jimmy Johnson,Jimmy Johnson,1
DAL,1991,Jimmy Johnson,Jimmy Johnson,1
DAL,1992,Jimmy Johnson,Jimmy Johnson,1
DAL,1993,Jimmy Johnson,Jimmy Johnson,1
DAL,1994,Barry Switzer,Barry Switzer,1
DAL,1995,Barry Switzer,Barry Switzer,1
DAL,1996,Barry Switzer,Barry Switzer,1
DAL,1997,Barry Switzer,Barry Switzer,1
DAL,1998,Chan Gailey,Chan Gailey,1
DAL,1999,Chan Gailey,Chan Gailey,1
DAL,2000,Dave Campo,Dave Campo,1
DAL,2001,Dave Campo,Dave Campo,1
DAL,2002,Dave Campo,Dave Campo,1
DAL,2003,Bill Parcells,Bill Parcells,1
DAL,2004,Bill Parcells,Bill Parcells,1
DAL,2005,Bill Parcells,Bill Parcells,1
DAL,2006,Bill Parcells,Bill Parcells,1
DAL,2007,Wade Phillips,Wade Phillips,1
DAL,2008,Wade Phillips,Wade Phillips,1
DAL,2009,Wade Phillips,Wade Phillips,1
DAL,2010,Wade Phillips,Jason Garrett / Wade Phillips,2
DAL,2011,Jason Garrett,Jason Garrett,1
DAL,2012,Jason Garrett,Jason Garrett,1
DAL,2013,Jason Garrett,Jason Garrett,1
DAL,2014,Jason Garrett,Jason Garrett,1
DAL,2015,Jason Garrett,Jason Garrett,1
DAL,2016,Jason Garrett,Jason Garrett,1
DAL,2017,Jason Garrett,Jason Garrett,1
DAL,2018,Jason Garrett,Jason Garrett,1
DAL,2019,Jason Garrett,Jason Garrett,1
DAL,2020,Mike McCarthy,Mike McCarthy,1
DAL,2021,Mike McCarthy,Mike McCarthy,1
DAL,2022,Mike McCarthy,Mike McCarthy,1
DAL,2023,Mike McCarthy,Mike McCarthy,1
DAL,2024,Mike McCarthy,Mike McCarthy,1
DEN,1970,Lou Saban,Lou Saban,1
DEN,1971,Lou Saban,Jerry Smith / Lou Saban,2
DEN,1972,John Ralston,John Ralston,1
DEN,1973,John Ralston,John Ralston,1
DEN,1974,John Ralston,John Ralston,1
DEN,1975,John Ralston,John Ralston,1
DEN,1976,John Ralston,John Ralston,1
DEN,1977,Red Miller,Red Miller,1
DEN,1978,Red Miller,Red Miller,1
DEN,1979,Red Miller,Red Miller,1
DEN,1980,Red Miller,Red Miller,1
DEN,1981,Dan Reeves,Dan Reeves,1
DEN,1982,Dan Reeves,Dan Reeves,1
DEN,1983,Dan Reeves,Dan Reeves,1
DEN,1984,Dan Reeves,Dan Reeves,1
DEN,1985,Dan Reeves,Dan Reeves,1
DEN,1986,Dan Reeves,Dan Reeves,1
DEN,1987,Dan Reeves,Dan Reeves,1
DEN,1988,Dan Reeves,Dan Reeves,1
DEN,1989,Dan Reeves,Dan Reeves,1
DEN,1990,Dan Reeves,Dan Reeves,1
DEN,1991,Dan Reeves,Dan Reeves,1
DEN,1992,Dan Reeves,Dan Reeves,1
DEN,1993,Wade Phillips,Wade Phillips,1
DEN,1994,Wade Phillips,Wade Phillips,1
DEN,1995,Mike Shanahan,Mike Shanahan,1
DEN,1996,Mike Shanahan,Mike Shanahan,1
DEN,1997,Mike Shanahan,Mike Shanahan,1
DEN,1998,Mike Shanahan,Mike Shanahan,1
DEN,1999,Mike Shanahan,Mike Shanahan,1
DEN,2000,Mike Shanahan,Mike Shanahan,1
DEN,2001,Mike Shanahan,Mike Shanahan,1
DEN,2002,Mike Shanahan,Mike Shanahan,1
DEN,2003,Mike Shanahan,Mike Shanahan,1
DEN,2004,Mike Shanahan,Mike Shanahan,1
DEN,2005,Mike Shanahan,Mike Shanahan,1
DEN,2006,Mike Shanahan,Mike Shanahan,1
DEN,2007,Mike Shanahan,Mike Shanahan,1
DEN,2008,Mike Shanahan,Mike Shanahan,1
DEN,2009,Josh McDaniels,Josh McDaniels,1
DEN,2010,Josh McDaniels,Eric Studesville / Josh McDaniels,2
DEN,2011,John Fox,John Fox,1
DEN,2012,John Fox,John Fox,1
DEN,2013,John Fox,John Fox,1
DEN,2014,John Fox,John Fox,1
DEN,2015,Gary Kubiak,Gary Kubiak,1
DEN,2016,Gary Kubiak,Gary Kubiak,1
DEN,2017,Vance Joseph,Vance Joseph,1
DEN,2018,Vance Joseph,Vance Joseph,1
DEN,2019,Vic Fangio,Vic Fangio,1
DEN,2020,Vic Fangio,Vic Fangio,1
DEN,2021,Vic Fangio,Vic Fangio,1
DEN,2022,Jerry Rosburg,Jerry Rosburg / Nathaniel Hackett,2
DEN,2023,Sean Payton,Sean Payton,1
DEN,2024,Sean Payton,Sean Payton,1
DET,1970,Joe Schmidt,Joe Schmidt,1
DET,1971,Joe Schmidt,Joe Schmidt,1
DET,1972,Joe Schmidt,Joe Schmidt,1
DET,1973,Don McCafferty,Don McCafferty,1
DET,1974,Rick Forzano,Rick Forzano,1
DET,1975,Rick Forzano,Rick Forzano,1
DET,1976,Rick Forzano,Rick Forzano / Tommy Hudspeth,2
DET,1977,Tommy Hudspeth,Tommy Hudspeth,1
DET,1978,Monte Clark,Monte Clark,1
DET,1979,Monte Clark,Monte Clark,1
DET,1980,Monte Clark,Monte Clark,1
DET,1981,Monte Clark,Monte Clark,1
DET,1982,Monte Clark,Monte Clark,1
DET,1983,Monte Clark,Monte Clark,1
DET,1984,Monte Clark,Monte Clark,1
DET,1985,Darryl Rogers,Darryl Rogers,1
DET,1986,Darryl Rogers,Darryl Rogers,1
DET,1987,Darryl Rogers,Darryl Rogers,1
DET,1988,Darryl Rogers,Darryl Rogers / Wayne Fontes,2
DET,1989,Wayne Fontes,Wayne Fontes,1
DET,1990,Wayne Fontes,Wayne Fontes,1
DET,1991,Wayne Fontes,Wayne Fontes,1
DET,1992,Wayne Fontes,Wayne Fontes,1
DET,1993,Wayne Fontes,Wayne Fontes,1
DET,1994,Wayne Fontes,Wayne Fontes,1
DET,1995,Wayne Fontes,Wayne Fontes,1
DET,1996,Wayne Fontes,Wayne Fontes,1
DET,1997,Bobby Ross,Bobby Ross,1
DET,1998,Bobby Ross,Bobby Ross,1
DET,1999,Bobby Ross,Bobby Ross,1
DET,2000,Bobby Ross,Bobby Ross / Gary Moeller,2
DET,2001,Marty Mornhinweg,Marty Mornhinweg,1
DET,2002,Marty Mornhinweg,Marty Mornhinweg,1
DET,2003,Steve Mariucci,Steve Mariucci,1
DET,2004,Steve Mariucci,Steve Mariucci,1
DET,2005,Steve Mariucci,Dick Jauron / Steve Mariucci,2
DET,2006,Rod Marinelli,Rod Marinelli,1
DET,2007,Rod Marinelli,Rod Marinelli,1
DET,2008,Rod Marinelli,Rod Marinelli,1
DET,2009,Jim Schwartz,Jim Schwartz,1
DET,2010,Jim Schwartz,Jim Schwartz,1
DET,2011,Jim Schwartz,Jim Schwartz,1
DET,2012,Jim Schwartz,Jim Schwartz,1
DET,2013,Jim Schwartz,Jim Schwartz,1
DET,2014,Jim Caldwell,Jim Caldwell,1
DET,2015,Jim Caldwell,Jim Caldwell,1
DET,2016,Jim Caldwell,Jim Caldwell,1
DET,2017,Jim Caldwell,Jim Caldwell,1
DET,2018,Matt Patricia,Matt Patricia,1
DET,2019,Matt Patricia,Matt Patricia,1
DET,2020,Matt Patricia,Darrell Bevell / Matt Patricia,2
DET,2021,Dan Campbell,Dan Campbell,1
DET,2022,Dan Campbell,Dan Campbell,1
DET,2023,Dan Campbell,Dan Campbell,1
DET,2024,Dan Campbell,Dan Campbell,1
GNB,1970,Phil Bengtson,Phil Bengtson,1
GNB,1971,Dan Devine,Dan Devine,1
GNB,1972,Dan Devine,Dan Devine,1
GNB,1973,Dan Devine,Dan Devine,1
GNB,1974,Dan Devine,Dan Devine,1
GNB,1975,Bart Starr,Bart Starr,1
GNB,1976,Bart Starr,Bart Starr,1
GNB,1977,Bart Starr,Bart Starr,1
GNB,1978,Bart Starr,Bart Starr,1
GNB,1979,Bart Starr,Bart Starr,1
GNB,1980,Bart Starr,Bart Starr,1
GNB,1981,Bart Starr,Bart Starr,1
GNB,1982,Bart Starr,Bart Starr,1
GNB,1983,Bart Starr,Bart Starr,1
GNB,1984,Forrest Gregg,Forrest Gregg,1
GNB,1985,Forrest Gregg,Forrest Gregg,1
GNB,1986,Forrest Gregg,Forrest Gregg,1
GNB,1987,Forrest Gregg,Forrest Gregg,1
GNB,1988,Lindy Infante,Lindy Infante,1
GNB,1989,Lindy Infante,Lindy Infante,1
GNB,1990,Lindy Infante,Lindy Infante,1
GNB,1991,Lindy Infante,Lindy Infante,1
GNB,1992,Mike Holmgren,Mike Holmgren,1
GNB,1993,Mike Holmgren,Mike Holmgren,1
GNB,1994,Mike Holmgren,Mike Holmgren,1
GNB,1995,Mike Holmgren,Mike Holmgren,1
GNB,1996,Mike Holmgren,Mike Holmgren,1
GNB,1997,Mike Holmgren,Mike Holmgren,1
GNB,1998,Mike Holmgren,Mike Holmgren,1
GNB,1999,Ray Rhodes,Ray Rhodes,1
GNB,2000,Mike Sherman,Mike Sherman,1
GNB,2001,Mike Sherman,Mike Sherman,1
GNB,2002,Mike Sherman,Mike Sherman,1
GNB,2003,Mike Sherman,Mike Sherman,1
GNB,2004,Mike Sherman,Mike Sherman,1
GNB,2005,Mike Sherman,Mike Sherman,1
GNB,2006,Mike McCarthy,Mike McCarthy,1
GNB,2007,Mike McCarthy,Mike McCarthy,1
GNB,2008,Mike McCarthy,Mike McCarthy,1
GNB,2009,Mike McCarthy,Mike McCarthy,1
GNB,2010,Mike McCarthy,Mike McCarthy,1
GNB,2011,Mike McCarthy,Mike McCarthy,1
GNB,2012,Mike McCarthy,Mike McCarthy,1
GNB,2013,Mike McCarthy,Mike McCarthy,1
GNB,2014,Mike McCarthy,Mike McCarthy,1
GNB,2015,Mike McCarthy,Mike McCarthy,1
GNB,2016,Mike McCarthy,Mike McCarthy,1
GNB,2017,Mike McCarthy,Mike McCarthy,1
GNB,2018,Mike McCarthy,Joe Philbin / Mike McCarthy,2
GNB,2019,Matt LaFleur,Matt LaFleur,1
GNB,2020,Matt LaFleur,Matt LaFleur,1
GNB,2021,Matt LaFleur,Matt LaFleur,1
GNB,2022,Matt LaFleur,Matt LaFleur,1
GNB,2023,Matt LaFleur,Matt LaFleur,1
GNB,2024,Matt LaFleur,Matt LaFleur,1
HTX,1970,Wally Lemm,Wally Lemm,1
HTX,1971,Ed Hughes,Ed Hughes,1
HTX,1972,Bill Peterson,Bill Peterson,1
HTX,1973,Bill Peterson,Bill Peterson / Sid Gillman,2
HTX,1974,Sid Gillman,Sid Gillman,1
HTX,1975,Bum Phillips,Bum Phillips,1
HTX,1976,Bum Phillips,Bum Phillips,1
HTX,1977,Bum Phillips,Bum Phillips,1
HTX,1978,Bum Phillips,Bum Phillips,1
HTX,1979,Bum Phillips,Bum Phillips,1
HTX,1980,Bum Phillips,Bum Phillips,1
HTX,1981,Ed Biles,Ed Biles,1
HTX,1982,Ed Biles,Ed Biles,1
HTX,1983,Ed Biles,Chuck Studley / Ed Biles,2
HTX,1984,Hugh Campbell,Hugh Campbell,1
HTX,1985,Hugh Campbell,Hugh Campbell / Jerry Glanville,2
HTX,1986,Jerry Glanville,Jerry Glanville,1
HTX,1987,Jerry Glanville,Jerry Glanville,1
HTX,1988,Jerry Glanville,Jerry Glanville,1
HTX,1989,Jerry Glanville,Jerry Glanville,1
HTX,1990,Jack Pardee,Jack Pardee,1
HTX,1991,Jack Pardee,Jack Pardee,1
HTX,1992,Jack Pardee,Jack Pardee,1
HTX,1993,Jack Pardee,Jack Pardee,1
HTX,1994,Jack Pardee,Jack Pardee / Jeff Fisher,2
HTX,1995,Jeff Fisher,Jeff Fisher,1
HTX,1996,Jeff Fisher,Jeff Fisher,1
HTX,2002,Dom Capers,Dom Capers,1
HTX,2003,Dom Capers,Dom Capers,1
HTX,2004,Dom Capers,Dom Capers,1
HTX,2005,Dom Capers,Dom Capers,1
HTX,2006,Gary Kubiak,Gary Kubiak,1
HTX,2007,Gary Kubiak,Gary Kubiak,1
HTX,2008,Gary Kubiak,Gary Kubiak,1
HTX,2009,Gary Kubiak,Gary Kubiak,1
HTX,2010,Gary Kubiak,Gary Kubiak,1
HTX,2011,Gary Kubiak,Gary Kubiak,1
HTX,2012,Gary Kubiak,Gary Kubiak,1
HTX,2013,Gary Kubiak,Gary Kubiak / Wade Phillips,2
HTX,2014,Bill O'Brien,Bill O'Brien,1
HTX,2015,Bill O'Brien,Bill O'Brien,1
HTX,2016,Bill O'Brien,Bill O'Brien,1
HTX,2017,Bill O'Brien,Bill O'Brien,1
HTX,2018,Bill O'Brien,Bill O'Brien,1
HTX,2019,Bill O'Brien,Bill O'Brien,1
HTX,2020,Bill O'Brien,Bill O'Brien / Romeo Crennel,2
HTX,2021,David Culley,David Culley,1
HTX,2022,Lovie Smith,Lovie Smith,1
HTX,2023,DeMeco Ryans,DeMeco Ryans,1
HTX,2024,DeMeco Ryans,DeMeco Ryans,1
JAX,1995,Tom Coughlin,Tom Coughlin,1
JAX,1996,Tom Coughlin,Tom Coughlin,1
JAX,1997,Tom Coughlin,Tom Coughlin,1
JAX,1998,Tom Coughlin,Tom Coughlin,1
JAX,1999,Tom Coughlin,Tom Coughlin,1
JAX,2000,Tom Coughlin,Tom Coughlin,1
JAX,2001,Tom Coughlin,Tom Coughlin,1
JAX,2002,Tom Coughlin,Tom Coughlin,1
JAX,2003,Jack Del Rio,Jack Del Rio,1
JAX,2004,Jack Del Rio,Jack Del Rio,1
JAX,2005,Jack Del Rio,Jack Del Rio,1
JAX,2006,Jack Del Rio,Jack Del Rio,1
JAX,2007,Jack Del Rio,Jack Del Rio,1
JAX,2008,Jack Del Rio,Jack Del Rio,1
JAX,2009,Jack Del Rio,Jack Del Rio,1
JAX,2010,Jack Del Rio,Jack Del Rio,1
JAX,2011,Jack Del Rio,Jack Del Rio / Mel Tucker,2
JAX,2012,Mike Mularkey,Mike Mularkey,1
JAX,2013,Gus Bradley,Gus Bradley,1
JAX,2014,Gus Bradley,Gus Bradley,1
JAX,2015,Gus Bradley,Gus Bradley,1
JAX,2016,Gus Bradley,Doug Marrone / Gus Bradley,2
JAX,2017,Doug Marrone,Doug Marrone,1
JAX,2018,Doug Marrone,Doug Marrone,1
JAX,2019,Doug Marrone,Doug Marrone,1
JAX,2020,Doug Marrone,Doug Marrone,1
JAX,2021,Darrell Bevell,Darrell Bevell / Urban Meyer,2
JAX,2022,Doug Pederson,Doug Pederson,1
JAX,2023,Doug Pederson,Doug Pederson,1
JAX,2024,Doug Pederson,Doug Pederson,1
KAN,1970,Hank Stram,Hank Stram,1
KAN,1971,Hank Stram,Hank Stram,1
KAN,1972,Hank Stram,Hank Stram,1
KAN,1973,Hank Stram,Hank Stram,1
KAN,1974,Hank Stram,Hank Stram,1
KAN,1975,Paul Wiggin,Paul Wiggin,1
KAN,1976,Paul Wiggin,Paul Wiggin,1
KAN,1977,Paul Wiggin,Paul Wiggin / Tom Bettis,2
KAN,1978,Marv Levy,Marv Levy,1
KAN,1979,Marv Levy,Marv Levy,1
KAN,1980,Marv Levy,Marv Levy,1
KAN,1981,Marv Levy,Marv Levy,1
KAN,1982,Marv Levy,Marv Levy,1
KAN,1983,John Mackovic,John Mackovic,1
KAN,1984,John Mackovic,John Mackovic,1
KAN,1985,John Mackovic,John Mackovic,1
KAN,1986,John Mackovic,John Mackovic,1
KAN,1987,Frank Gansz,Frank Gansz,1
KAN,1988,Frank Gansz,Frank Gansz,1
KAN,1989,Marty Schottenheimer,Marty Schottenheimer,1
KAN,1990,Marty Schottenheimer,Marty Schottenheimer,1
KAN,1991,Marty Schottenheimer,Marty Schottenheimer,1
KAN,1992,Marty Schottenheimer,Marty Schottenheimer,1
KAN,1993,Marty Schottenheimer,Marty Schottenheimer,1
KAN,1994,Marty Schottenheimer,Marty Schottenheimer,1
KAN,1995,Marty Schottenheimer,Marty Schottenheimer,1
KAN,1996,Marty Schottenheimer,Marty Schottenheimer,1
KAN,1997,Marty Schottenheimer,Marty Schottenheimer,1
KAN,1998,Marty Schottenheimer,Marty Schottenheimer,1
KAN,1999,Gunther Cunningham,Gunther Cunningham,1
KAN,2000,Gunther Cunningham,Gunther Cunningham,1
KAN,2001,Dick Vermeil,Dick Vermeil,1
KAN,2002,Dick Vermeil,Dick Vermeil,1
KAN,2003,Dick Vermeil,Dick Vermeil,1
KAN,2004,Dick Vermeil,Dick Vermeil,1
KAN,2005,Dick Vermeil,Dick Vermeil,1
KAN,2006,Herm Edwards,Herm Edwards,1
KAN,2007,Herm Edwards,Herm Edwards,1
KAN,2008,Herm Edwards,Herm Edwards,1
KAN,2009,Todd Haley,Todd Haley,1
KAN,2010,Todd Haley,Todd Haley,1
KAN,2011,Todd Haley,Romeo Crennel / Todd Haley,2
KAN,2012,Romeo Crennel,Romeo Crennel,1
KAN,2013,Andy Reid,Andy Reid,1
KAN,2014,Andy Reid,Andy Reid,1
KAN,2015,Andy Reid,Andy Reid,1
KAN,2016,Andy Reid,Andy Reid,1
KAN,2017,Andy Reid,Andy Reid,1
KAN,2018,Andy Reid,Andy Reid,1
KAN,2019,Andy Reid,Andy Reid,1
KAN,2020,Andy Reid,Andy Reid,1
KAN,2021,Andy Reid,Andy Reid,1
KAN,2022,Andy Reid,Andy Reid,1
KAN,2023,Andy Reid,Andy Reid,1
KAN,2024,Andy Reid,Andy Reid,1
LAR,2016,Jeff Fisher,Jeff Fisher / John Fassel,2
LAR,2017,Sean McVay,Sean McVay,1
LAR,2018,Sean McVay,Sean McVay,1
LAR,2019,Sean McVay,Sean McVay,1
LAR,2020,Sean McVay,Sean McVay,1
LAR,2021,Sean McVay,Sean McVay,1
LAR,2022,Sean McVay,Sean McVay,1
LAR,2023,Sean McVay,Sean McVay,1
LAR,2024,Sean McVay,Sean McVay,1
LVR,2020,Jon Gruden,Jon Gruden,1
LVR,2021,Jon Gruden,Jon Gruden / Rich Bisaccia,2
LVR,2022,Josh McDaniels,Josh McDaniels,1
LVR,2023,Josh McDaniels,Antonio Pierce / Josh McDaniels,2
LVR,2024,Antonio Pierce,Antonio Pierce,1
MIA,1970,Don Shula,Don Shula,1
MIA,1971,Don Shula,Don Shula,1
MIA,1972,Don Shula,Don Shula,1
MIA,1973,Don Shula,Don Shula,1
MIA,1974,Don Shula,Don Shula,1
MIA,1975,Don Shula,Don Shula,1
MIA,1976,Don Shula,Don Shula,1
MIA,1977,Don Shula,Don Shula,1
MIA,1978,Don Shula,Don Shula,1
MIA,1979,Don Shula,Don Shula,1
MIA,1980,Don Shula,Don Shula,1
MIA,1981,Don Shula,Don Shula,1
MIA,1982,Don Shula,Don Shula,1
MIA,1983,Don Shula,Don Shula,1
MIA,1984,Don Shula,Don Shula,1
MIA,1985,Don Shula,Don Shula,1
MIA,1986,Don Shula,Don Shula,1
MIA,1987,Don Shula,Don Shula,1
MIA,1988,Don Shula,Don Shula,1
MIA,1989,Don Shula,Don Shula,1
MIA,1990,Don Shula,Don Shula,1
MIA,1991,Don Shula,Don Shula,1
MIA,1992,Don Shula,Don Shula,1
MIA,1993,Don Shula,Don Shula,1
MIA,1994,Don Shula,Don Shula,1
MIA,1995,Don Shula,Don Shula,1
MIA,1996,Jimmy Johnson,Jimmy Johnson,1
MIA,1997,Jimmy Johnson,Jimmy Johnson,1
MIA,1998,Jimmy Johnson,Jimmy Johnson,1
MIA,1999,Jimmy Johnson,Jimmy Johnson,1
MIA,2000,Dave Wannstedt,Dave Wannstedt,1
MIA,2001,Dave Wannstedt,Dave Wannstedt,1
MIA,2002,Dave Wannstedt,Dave Wannstedt,1
MIA,2003,Dave Wannstedt,Dave Wannstedt,1
MIA,2004,Dave Wannstedt,Dave Wannstedt / Jim Bates,2
MIA,2005,Nick Saban,Nick Saban,1
MIA,2006,Nick Saban,Nick Saban,1
MIA,2007,Cam Cameron,Cam Cameron,1
MIA,2008,Tony Sparano,Tony Sparano,1
MIA,2009,Tony Sparano,Tony Sparano,1
MIA,2010,Tony Sparano,Tony Sparano,1
MIA,2011,Tony Sparano,Todd Bowles / Tony Sparano,2
MIA,2012,Joe Philbin,Joe Philbin,1
MIA,2013,Joe Philbin,Joe Philbin,1
MIA,2014,Joe Philbin,Joe Philbin,1
MIA,2015,Joe Philbin,Dan Campbell / Joe Philbin,2
MIA,2016,Adam Gase,Adam Gase,1
MIA,2017,Adam Gase,Adam Gase,1
MIA,2018,Adam Gase,Adam Gase,1
MIA,2019,Brian Flores,Brian Flores,1
MIA,2020,Brian Flores,Brian Flores,1
MIA,2021,Brian Flores,Brian Flores,1
MIA,2022,Mike McDaniel,Mike McDaniel,1
MIA,2023,Mike McDaniel,Mike McDaniel,1
MIA,2024,Mike McDaniel,Mike McDaniel,1
MIN,1970,Bud Grant,Bud Grant,1
MIN,1971,Bud Grant,Bud Grant,1
MIN,1972,Bud Grant,Bud Grant,1
MIN,1973,Bud Grant,Bud Grant,1
MIN,1974,Bud Grant,Bud Grant,1
MIN,1975,Bud Grant,Bud Grant,1
MIN,1976,Bud Grant,Bud Grant,1
MIN,1977,Bud Grant,Bud Grant,1
MIN,1978,Bud Grant,Bud Grant,1
MIN,1979,Bud Grant,Bud Grant,1
MIN,1980,Bud Grant,Bud Grant,1
MIN,1981,Bud Grant,Bud Grant,1
MIN,1982,Bud Grant,Bud Grant,1
MIN,1983,Bud Grant,Bud Grant,1
MIN,1984,Les Steckel,Les Steckel,1
MIN,1985,Bud Grant,Bud Grant,1
MIN,1986,Jerry Burns,Jerry Burns,1
MIN,1987,Jerry Burns,Jerry Burns,1
MIN,1988,Jerry Burns,Jerry Burns,1
MIN,1989,Jerry Burns,Jerry Burns,1
MIN,1990,Jerry Burns,Jerry Burns,1
MIN,1991,Jerry Burns,Jerry Burns,1
MIN,1992,Dennis Green,Dennis Green,1
MIN,1993,Dennis Green,Dennis Green,1
MIN,1994,Dennis Green,Dennis Green,1
MIN,1995,Dennis Green,Dennis Green,1
MIN,1996,Dennis Green,Dennis Green,1
MIN,1997,Dennis Green,Dennis Green,1
MIN,1998,Dennis Green,Dennis Green,1
MIN,1999,Dennis Green,Dennis Green,1
MIN,2000,Dennis Green,Dennis Green,1
MIN,2001,Dennis Green,Dennis Green / Mike Tice,2
MIN,2002,Mike Tice,Mike Tice,1
MIN,2003,Mike Tice,Mike Tice,1
MIN,2004,Mike Tice,Mike Tice,1
MIN,2005,Mike Tice,Mike Tice,1
MIN,2006,Brad Childress,Brad Childress,1
MIN,2007,Brad Childress,Brad Childress,1
MIN,2008,Brad Childress,Brad Childress,1
MIN,2009,Brad Childress,Brad Childress,1
MIN,2010,Brad Childress,Brad Childress / Leslie Frazier,2
MIN,2011,Leslie Frazier,Leslie Frazier,1
MIN,2012,Leslie Frazier,Leslie Frazier,1
MIN,2013,Leslie Frazier,Leslie Frazier,1
MIN,2014,Mike Zimmer,Mike Zimmer,1
MIN,2015,Mike Zimmer,Mike Zimmer,1
MIN,2016,Mike Zimmer,Mike Zimmer,1
MIN,2017,Mike Zimmer,Mike Zimmer,1
MIN,2018,Mike Zimmer,Mike Zimmer,1
MIN,2019,Mike Zimmer,Mike Zimmer,1
MIN,2020,Mike Zimmer,Mike Zimmer,1
MIN,2021,Mike Zimmer,Mike Zimmer,1
MIN,2022,Kevin O'Connell,Kevin O'Connell,1
MIN,2023,Kevin O'Connell,Kevin O'Connell,1
MIN,2024,Kevin O'Connell,Kevin O'Connell,1
NOR,1970,J.D. Roberts,J.D. Roberts / Tom Fears,2
NOR,1971,J.D. Roberts,J.D. Roberts,1
NOR,1972,J.D. Roberts,J.D. Roberts,1
NOR,1973,John North,John North,1
NOR,1974,John North,John North,1
NOR,1975,John North,Ernie Hefferle / John North,2
NOR,1976,Hank Stram,Hank Stram,1
NOR,1977,Hank Stram,Hank Stram,1
NOR,1978,Dick Nolan,Dick Nolan,1
NOR,1979,Dick Nolan,Dick Nolan,1
NOR,1980,Dick Nolan,Dick Nolan / Dick Stanfel,2
NOR,1981,Bum Phillips,Bum Phillips,1
NOR,1982,Bum Phillips,Bum Phillips,1
NOR,1983,Bum Phillips,Bum Phillips,1
NOR,1984,Bum Phillips,Bum Phillips,1
NOR,1985,Bum Phillips,Bum Phillips / Wade Phillips,2
NOR,1996,Rick Venturi,Rick Venturi,1
NOR,1997,Mike Ditka,Mike Ditka,1
NOR,1998,Mike Ditka,Mike Ditka,1
NOR,1999,Mike Ditka,Mike Ditka,1
NOR,2000,Jim Haslett,Jim Haslett,1
NOR,2001,Jim Haslett,Jim Haslett,1
NOR,2002,Jim Haslett,Jim Haslett,1
NOR,2003,Jim Haslett,Jim Haslett,1
NOR,2004,Jim Haslett,Jim Haslett,1
NOR,2005,Jim Haslett,Jim Haslett,1
NOR,2006,Sean Payton,Sean Payton,1
NOR,2007,Sean Payton,Sean Payton,1
NOR,2008,Sean Payton,Sean Payton,1
NOR,2009,Sean Payton,Sean Payton,1
NOR,2010,Sean Payton,Sean Payton,1
NOR,2011,Sean Payton,Sean Payton,1
NOR,2012,Aaron Kromer,Aaron Kromer / Joe Vitt,2
NOR,2013,Sean Payton,Sean Payton,1
NOR,2014,Sean Payton,Sean Payton,1
NOR,2015,Sean Payton,Sean Payton,1
NOR,2016,Sean Payton,Sean Payton,1
NOR,2017,Sean Payton,Sean Payton,1
NOR,2018,Sean Payton,Sean Payton,1
NOR,2019,Sean Payton,Sean Payton,1
NOR,2020,Sean Payton,Sean Payton,1
NOR,2021,Sean Payton,Sean Payton,1
NOR,2022,Dennis Allen,Dennis Allen,1
NOR,2023,Dennis Allen,Dennis Allen,1
NOR,2024,Dennis Allen,Darren Rizzi / Dennis Allen,2
NWE,1971,John Mazur,John Mazur,1
NWE,1972,John Mazur,John Mazur / Phil Bengtson,2
NWE,1973,Chuck Fairbanks,Chuck Fairbanks,1
NWE,1974,Chuck Fairbanks,Chuck Fairbanks,1
NWE,1975,Chuck Fairbanks,Chuck Fairbanks,1
NWE,1976,Chuck Fairbanks,Chuck Fairbanks,1
NWE,1977,Chuck Fairbanks,Chuck Fairbanks,1
NWE,1978,Chuck Fairbanks,Chuck Fairbanks / Hank Bullough / Ron Erhardt,3
NWE,1979,Ron Erhardt,Ron Erhardt,1
NWE,1980,Ron Erhardt,Ron Erhardt,1
NWE,1981,Ron Erhardt,Ron Erhardt,1
NWE,1982,Ron Meyer,Ron Meyer,1
NWE,1983,Ron Meyer,Ron Meyer,1
NWE,1984,Ron Meyer,Raymond Berry / Ron Meyer,2
NWE,1985,Raymond Berry,Raymond Berry,1
NWE,1986,Raymond Berry,Raymond Berry,1
NWE,1987,Raymond Berry,Raymond Berry,1
NWE,1988,Raymond Berry,Raymond Berry,1
NWE,1989,Raymond Berry,Raymond Berry,1
NWE,1990,Rod Rust,Rod Rust,1
NWE,1991,Dick MacPherson,Dick MacPherson,1
NWE,1992,Dick MacPherson,Dick MacPherson,1
NWE,1993,Bill Parcells,Bill Parcells,1
NWE,1994,Bill Parcells,Bill Parcells,1
NWE,1995,Bill Parcells,Bill Parcells,1
NWE,1996,Bill Parcells,Bill Parcells,1
NWE,1997,Pete Carroll,Pete Carroll,1
NWE,1998,Pete Carroll,Pete Carroll,1
NWE,1999,Pete Carroll,Pete Carroll,1
NWE,2000,Bill Belichick,Bill Belichick,1
NWE,2001,Bill Belichick,Bill Belichick,1
NWE,2002,Bill Belichick,Bill Belichick,1
NWE,2003,Bill Belichick,Bill Belichick,1
NWE,2004,Bill Belichick,Bill Belichick,1
NWE,2005,Bill Belichick,Bill Belichick,1
NWE,2006,Bill Belichick,Bill Belichick,1
NWE,2007,Bill Belichick,Bill Belichick,1
NWE,2008,Bill Belichick,Bill Belichick,1
NWE,2009,Bill Belichick,Bill Belichick,1
NWE,2010,Bill Belichick,Bill Belichick,1
NWE,2011,Bill Belichick,Bill Belichick,1
NWE,2012,Bill Belichick,Bill Belichick,1
NWE,2013,Bill Belichick,Bill Belichick,1
NWE,2014,Bill Belichick,Bill Belichick,1
NWE,2015,Bill Belichick,Bill Belichick,1
NWE,2016,Bill Belichick,Bill Belichick,1
NWE,2017,Bill Belichick,Bill Belichick,1
NWE,2018,Bill Belichick,Bill Belichick,1
NWE,2019,Bill Belichick,Bill Belichick,1
NWE,2020,Bill Belichick,Bill Belichick,1
NWE,2021,Bill Belichick,Bill Belichick,1
NWE,2022,Bill Belichick,Bill Belichick,1
NWE,2023,Bill Belichick,Bill Belichick,1
NWE,2024,Jerod Mayo,Jerod Mayo,1
NYG,1970,Alex Webster,Alex Webster,1
NYG,1971,Alex Webster,Alex Webster,1
NYG,1972,Alex Webster,Alex Webster,1
NYG,1973,Alex Webster,Alex Webster,1
NYG,1976,John McVay,John McVay,1
NYG,1977,John McVay,John McVay,1
NYG,1978,John McVay,John McVay,1
NYG,1979,Ray Perkins,Ray Perkins,1
NYG,1980,Ray Perkins,Ray Perkins,1
NYG,1981,Ray Perkins,Ray Perkins,1
NYG,1982,Ray Perkins,Ray Perkins,1
NYG,1983,Bill Parcells,Bill Parcells,1
NYG,1984,Bill Parcells,Bill Parcells,1
NYG,1985,Bill Parcells,Bill Parcells,1
NYG,1986,Bill Parcells,Bill Parcells,1
NYG,1987,Bill Parcells,Bill Parcells,1
NYG,1988,Bill Parcells,Bill Parcells,1
NYG,1989,Bill Parcells,Bill Parcells,1
NYG,1990,Bill Parcells,Bill Parcells,1
NYG,1991,Ray Handley,Ray Handley,1
NYG,1992,Ray Handley,Ray Handley,1
NYG,1993,Dan Reeves,Dan Reeves,1
NYG,1994,Dan Reeves,Dan Reeves,1
NYG,1995,Dan Reeves,Dan Reeves,1
NYG,1996,Dan Reeves,Dan Reeves,1
NYG,1997,Jim Fassel,Jim Fassel,1
NYG,1998,Jim Fassel,Jim Fassel,1
NYG,1999,Jim Fassel,Jim Fassel,1
NYG,2000,Jim Fassel,Jim Fassel,1
NYG,2001,Jim Fassel,Jim Fassel,1
NYG,2002,Jim Fassel,Jim Fassel,1
NYG,2003,Jim Fassel,Jim Fassel,1
NYG,2004,Tom Coughlin,Tom Coughlin,1
NYG,2005,Tom Coughlin,Tom Coughlin,1
NYG,2006,Tom Coughlin,Tom Coughlin,1
NYG,2007,Tom Coughlin,Tom Coughlin,1
NYG,2008,Tom Coughlin,Tom Coughlin,1
NYG,2009,Tom Coughlin,Tom Coughlin,1
NYG,2010,Tom Coughlin,Tom Coughlin,1
NYG,2011,Tom Coughlin,Tom Coughlin,1
NYG,2012,Tom Coughlin,Tom Coughlin,1
NYG,2013,Tom Coughlin,Tom Coughlin,1
NYG,2014,Tom Coughlin,Tom Coughlin,1
NYG,2015,Tom Coughlin,Tom Coughlin,1
NYG,2016,Ben McAdoo,Ben McAdoo,1
NYG,2017,Ben McAdoo,Ben McAdoo / Steve Spagnuolo,2
NYG,2018,Pat Shurmur,Pat Shurmur,1
NYG,2019,Pat Shurmur,Pat Shurmur,1
NYG,2020,Joe Judge,Joe Judge,1
NYG,2021,Joe Judge,Joe Judge,1
NYG,2022,Brian Daboll,Brian Daboll,1
NYG,2023,Brian Daboll,Brian Daboll,1
NYG,2024,Brian Daboll,Brian Daboll,1
NYJ,1970,Weeb Ewbank,Weeb Ewbank,1
NYJ,1971,Weeb Ewbank,Weeb Ewbank,1
NYJ,1972,Weeb Ewbank,Weeb Ewbank,1
NYJ,1973,Weeb Ewbank,Weeb Ewbank,1
NYJ,1974,Charley Winner,Charley Winner,1
NYJ,1975,Charley Winner,Charley Winner / Ken Shipp,2
NYJ,1976,Lou Holtz,Lou Holtz / Mike Holovak,2
NYJ,1977,Walt Michaels,Walt Michaels,1
NYJ,1978,Walt Michaels,Walt Michaels,1
NYJ,1979,Walt Michaels,Walt Michaels,1
NYJ,1980,Walt Michaels,Walt Michaels,1
NYJ,1981,Walt Michaels,Walt Michaels,1
NYJ,1982,Walt Michaels,Walt Michaels,1
NYJ,1983,Joe Walton,Joe Walton,1
NYJ,1984,Joe Walton,Joe Walton,1
NYJ,1985,Joe Walton,Joe Walton,1
NYJ,1986,Joe Walton,Joe Walton,1
NYJ,1987,Joe Walton,Joe Walton,1
NYJ,1988,Joe Walton,Joe Walton,1
NYJ,1989,Joe Walton,Joe Walton,1
NYJ,1990,Bruce Coslet,Bruce Coslet,1
NYJ,1991,Bruce Coslet,Bruce Coslet,1
NYJ,1992,Bruce Coslet,Bruce Coslet,1
NYJ,1993,Bruce Coslet,Bruce Coslet,1
NYJ,1994,Pete Carroll,Pete Carroll,1
NYJ,1995,Rich Kotite,Rich Kotite,1
NYJ,1996,Rich Kotite,Rich Kotite,1
NYJ,1997,Bill Parcells,Bill Parcells,1
NYJ,1998,Bill Parcells,Bill Parcells,1
NYJ,1999,Bill Parcells,Bill Parcells,1
NYJ,2000,Al Groh,Al Groh,1
NYJ,2001,Herm Edwards,Herm Edwards,1
NYJ,2002,Herm Edwards,Herm Edwards,1
NYJ,2003,Herm Edwards,Herm Edwards,1
NYJ,2004,Herm Edwards,Herm Edwards,1
NYJ,2005,Herm Edwards,Herm Edwards,1
NYJ,2006,Eric Mangini,Eric Mangini,1
NYJ,2007,Eric Mangini,Eric Mangini,1
NYJ,2008,Eric Mangini,Eric Mangini,1
NYJ,2009,Rex Ryan,Rex Ryan,1
NYJ,2010,Rex Ryan,Rex Ryan,1
NYJ,2011,Rex Ryan,Rex Ryan,1
NYJ,2012,Rex Ryan,Rex Ryan,1
NYJ,2013,Rex Ryan,Rex Ryan,1
NYJ,2014,Rex Ryan,Rex Ryan,1
NYJ,2015,Todd Bowles,Todd Bowles,1
NYJ,2016,Todd Bowles,Todd Bowles,1
NYJ,2017,Todd Bowles,Todd Bowles,1
NYJ,2018,Todd Bowles,Todd Bowles,1
NYJ,2019,Adam Gase,Adam Gase,1
NYJ,2020,Adam Gase,Adam Gase,1
NYJ,2021,Robert Saleh,Robert Saleh,1
NYJ,2022,Robert Saleh,Robert Saleh,1
NYJ,2023,Robert Saleh,Robert Saleh,1
NYJ,2024,Robert Saleh,Jeff Ulbrich / Robert Saleh,2
OTI,1997,Jeff Fisher,Jeff Fisher,1
OTI,1998,Jeff Fisher,Jeff Fisher,1
OTI,1999,Jeff Fisher,Jeff Fisher,1
OTI,2000,Jeff Fisher,Jeff Fisher,1
OTI,2001,Jeff Fisher,Jeff Fisher,1
OTI,2002,Jeff Fisher,Jeff Fisher,1
OTI,2003,Jeff Fisher,Jeff Fisher,1
OTI,2004,Jeff Fisher,Jeff Fisher,1
OTI,2005,Jeff Fisher,Jeff Fisher,1
OTI,2006,Jeff Fisher,Jeff Fisher,1
OTI,2007,Jeff Fisher,Jeff Fisher,1
OTI,2008,Jeff Fisher,Jeff Fisher,1
OTI,2009,Jeff Fisher,Jeff Fisher,1
OTI,2010,Jeff Fisher,Jeff Fisher,1
OTI,2011,Mike Munchak,Mike Munchak,1
OTI,2012,Mike Munchak,Mike Munchak,1
OTI,2013,Mike Munchak,Mike Munchak,1
OTI,2014,Ken Whisenhunt,Ken Whisenhunt,1
OTI,2015,Ken Whisenhunt,Ken Whisenhunt / Mike Mularkey,2
OTI,2016,Mike Mularkey,Mike Mularkey,1
OTI,2017,Mike Mularkey,Mike Mularkey,1
OTI,2018,Mike Vrabel,Mike Vrabel,1
OTI,2019,Mike Vrabel,Mike Vrabel,1
OTI,2020,Mike Vrabel,Mike Vrabel,1
OTI,2021,Mike Vrabel,Mike Vrabel,1
OTI,2022,Mike Vrabel,Mike Vrabel,1
OTI,2023,Mike Vrabel,Mike Vrabel,1
OTI,2024,Brian Callahan,Brian Callahan,1
PHI,1970,Jerry Williams,Jerry Williams,1
PHI,1971,Jerry Williams,Ed Khayat / Jerry Williams,2
PHI,1972,Ed Khayat,Ed Khayat,1
PHI,1973,Mike McCormack,Mike McCormack,1
PHI,1974,Mike McCormack,Mike McCormack,1
PHI,1975,Mike McCormack,Mike McCormack,1
PHI,1976,Dick Vermeil,Dick Vermeil,1
PHI,1977,Dick Vermeil,Dick Vermeil,1
PHI,1978,Dick Vermeil,Dick Vermeil,1
PHI,1979,Dick Vermeil,Dick Vermeil,1
PHI,1980,Dick Vermeil,Dick Vermeil,1
PHI,1981,Dick Vermeil,Dick Vermeil,1
PHI,1982,Dick Vermeil,Dick Vermeil,1
PHI,1983,Marion Campbell,Marion Campbell,1
PHI,1984,Marion Campbell,Marion Campbell,1
PHI,1985,Marion Campbell,Fred Bruney / Marion Campbell,2
PHI,1986,Buddy Ryan,Buddy Ryan,1
PHI,1987,Buddy Ryan,Buddy Ryan,1
PHI,1988,Buddy Ryan,Buddy Ryan,1
PHI,1989,Buddy Ryan,Buddy Ryan,1
PHI,1990,Buddy Ryan,Buddy Ryan,1
PHI,1991,Rich Kotite,Rich Kotite,1
PHI,1992,Rich Kotite,Rich Kotite,1
PHI,1993,Rich Kotite,Rich Kotite,1
PHI,1994,Rich Kotite,Rich Kotite,1
PHI,1995,Ray Rhodes,Ray Rhodes,1
PHI,1996,Ray Rhodes,Ray Rhodes,1
PHI,1997,Ray Rhodes,Ray Rhodes,1
PHI,1998,Ray Rhodes,Ray Rhodes,1
PHI,1999,Andy Reid,Andy Reid,1
PHI,2000,Andy Reid,Andy Reid,1
PHI,2001,Andy Reid,Andy Reid,1
PHI,2002,Andy Reid,Andy Reid,1
PHI,2003,Andy Reid,Andy Reid,1
PHI,2004,Andy Reid,Andy Reid,1
PHI,2005,Andy Reid,Andy Reid,1
PHI,2006,Andy Reid,Andy Reid,1
PHI,2007,Andy Reid,Andy Reid,1
PHI,2008,Andy Reid,Andy Reid,1
PHI,2009,Andy Reid,Andy Reid,1
PHI,2010,Andy Reid,Andy Reid,1
PHI,2011,Andy Reid,Andy Reid,1
PHI,2012,Andy Reid,Andy Reid,1
PHI,2013,Chip Kelly,Chip Kelly,1
PHI,2014,Chip Kelly,Chip Kelly,1
PHI,2015,Chip Kelly,Chip Kelly / Pat Shurmur,2
PHI,2016,Doug Pederson,Doug Pederson,1
PHI,2017,Doug Pederson,Doug Pederson,1
PHI,2018,Doug Pederson,Doug Pederson,1
PHI,2019,Doug Pederson,Doug Pederson,1
PHI,2020,Doug Pederson,Doug Pederson,1
PHI,2021,Nick Sirianni,Nick Sirianni,1
PHI,2022,Nick Sirianni,Nick Sirianni,1
PHI,2023,Nick Sirianni,Nick Sirianni,1
PHI,2024,Nick Sirianni,Nick Sirianni,1
PHO,1988,Gene Stallings,Gene Stallings,1
PHO,1989,Gene Stallings,Gene Stallings / Hank Kuhlmann,2
PHO,1990,Joe Bugel,Joe Bugel,1
PHO,1991,Joe Bugel,Joe Bugel,1
PHO,1992,Joe Bugel,Joe Bugel,1
PHO,1993,Joe Bugel,Joe Bugel,1
PIT,1970,Chuck Noll,Chuck Noll,1
PIT,1971,Chuck Noll,Chuck Noll,1
PIT,1972,Chuck Noll,Chuck Noll,1
PIT,1973,Chuck Noll,Chuck Noll,1
PIT,1974,Chuck Noll,Chuck Noll,1
PIT,1975,Chuck Noll,Chuck Noll,1
PIT,1976,Chuck Noll,Chuck Noll,1
PIT,1977,Chuck Noll,Chuck Noll,1
PIT,1978,Chuck Noll,Chuck Noll,1
PIT,1979,Chuck Noll,Chuck Noll,1
PIT,1980,Chuck Noll,Chuck Noll,1
PIT,1981,Chuck Noll,Chuck Noll,1
PIT,1982,Chuck Noll,Chuck Noll,1
PIT,1983,Chuck Noll,Chuck Noll,1
PIT,1984,Chuck Noll,Chuck Noll,1
PIT,1985,Chuck Noll,Chuck Noll,1
PIT,1986,Chuck Noll,Chuck Noll,1
PIT,1987,Chuck Noll,Chuck Noll,1
PIT,1988,Chuck Noll,Chuck Noll,1
PIT,1989,Chuck Noll,Chuck Noll,1
PIT,1990,Chuck Noll,Chuck Noll,1
PIT,1991,Chuck Noll,Chuck Noll,1
PIT,1992,Bill Cowher,Bill Cowher,1
PIT,1993,Bill Cowher,Bill Cowher,1
PIT,1994,Bill Cowher,Bill Cowher,1
PIT,1995,Bill Cowher,Bill Cowher,1
PIT,1996,Bill Cowher,Bill Cowher,1
PIT,1997,Bill Cowher,Bill Cowher,1
PIT,1998,Bill Cowher,Bill Cowher,1
PIT,1999,Bill Cowher,Bill Cowher,1
PIT,2000,Bill Cowher,Bill Cowher,1
PIT,2001,Bill Cowher,Bill Cowher,1
PIT,2002,Bill Cowher,Bill Cowher,1
PIT,2003,Bill Cowher,Bill Cowher,1
PIT,2004,Bill Cowher,Bill Cowher,1
PIT,2005,Bill Cowher,Bill Cowher,1
PIT,2006,Bill Cowher,Bill Cowher,1
PIT,2007,Mike Tomlin,Mike Tomlin,1
PIT,2008,Mike Tomlin,Mike Tomlin,1
PIT,2009,Mike Tomlin,Mike Tomlin,1
PIT,2010,Mike Tomlin,Mike Tomlin,1
PIT,2011,Mike Tomlin,Mike Tomlin,1
PIT,2012,Mike Tomlin,Mike Tomlin,1
PIT,2013,Mike Tomlin,Mike Tomlin,1
PIT,2014,Mike Tomlin,Mike Tomlin,1
PIT,2015,Mike Tomlin,Mike Tomlin,1
PIT,2016,Mike Tomlin,Mike Tomlin,1
PIT,2017,Mike Tomlin,Mike Tomlin,1
PIT,2018,Mike Tomlin,Mike Tomlin,1
PIT,2019,Mike Tomlin,Mike Tomlin,1
PIT,2020,Mike Tomlin,Mike Tomlin,1
PIT,2021,Mike Tomlin,Mike Tomlin,1
PIT,2022,Mike Tomlin,Mike Tomlin,1
PIT,2023,Mike Tomlin,Mike Tomlin,1
PIT,2024,Mike Tomlin,Mike Tomlin,1
RAI,1970,John Madden,John Madden,1
RAI,1971,John Madden,John Madden,1
RAI,1972,John Madden,John Madden,1
RAI,1973,John Madden,John Madden,1
RAI,1974,John Madden,John Madden,1
RAI,1975,John Madden,John Madden,1
RAI,1976,John Madden,John Madden,1
RAI,1977,John Madden,John Madden,1
RAI,1978,John Madden,John Madden,1
RAI,1979,Tom Flores,Tom Flores,1
RAI,1980,Tom Flores,Tom Flores,1
RAI,1981,Tom Flores,Tom Flores,1
RAI,1982,Tom Flores,Tom Flores,1
RAI,1983,Tom Flores,Tom Flores,1
RAI,1984,Tom Flores,Tom Flores,1
RAI,1985,Tom Flores,Tom Flores,1
RAI,1986,Tom Flores,Tom Flores,1
RAI,1987,Tom Flores,Tom Flores,1
RAI,1988,Mike Shanahan,Mike Shanahan,1
RAI,1989,Mike Shanahan,Art Shell / Mike Shanahan,2
RAI,1990,Art Shell,Art Shell,1
RAI,1991,Art Shell,Art Shell,1
RAI,1992,Art Shell,Art Shell,1
RAI,1993,Art Shell,Art Shell,1
RAI,1994,Art Shell,Art Shell,1
RAI,1995,Mike White,Mike White,1
RAI,1996,Mike White,Mike White,1
RAI,1997,Joe Bugel,Joe Bugel,1
RAI,1998,Jon Gruden,Jon Gruden,1
RAI,1999,Jon Gruden,Jon Gruden,1
RAI,2000,Jon Gruden,Jon Gruden,1
RAI,2001,Jon Gruden,Jon Gruden,1
RAI,2002,Bill Callahan,Bill Callahan,1
RAI,2003,Bill Callahan,Bill Callahan,1
RAI,2004,Norv Turner,Norv Turner,1
RAI,2005,Norv Turner,Norv Turner,1
RAI,2006,Art Shell,Art Shell,1
RAI,2007,Lane Kiffin,Lane Kiffin,1
RAI,2008,Lane Kiffin,Lane Kiffin / Tom Cable,2
RAI,2009,Tom Cable,Tom Cable,1
RAI,2010,Tom Cable,Tom Cable,1
RAI,2011,Hue Jackson,Hue Jackson,1
RAI,2012,Dennis Allen,Dennis Allen,1
RAI,2013,Dennis Allen,Dennis Allen,1
RAI,2014,Dennis Allen,Dennis Allen / Tony Sparano,2
RAI,2015,Jack Del Rio,Jack Del Rio,1
RAI,2016,Jack Del Rio,Jack Del Rio,1
RAI,2017,Jack Del Rio,Jack Del Rio,1
RAI,2018,Jon Gruden,Jon Gruden,1
RAI,2019,Jon Gruden,Jon Gruden,1
RAM,1970,George Allen,George Allen,1
RAM,1971,Tommy Prothro,Tommy Prothro,1
RAM,1972,Tommy Prothro,Tommy Prothro,1
RAM,1973,Chuck Knox,Chuck Knox,1
RAM,1974,Chuck Knox,Chuck Knox,1
RAM,1975,Chuck Knox,Chuck Knox,1
RAM,1976,Chuck Knox,Chuck Knox,1
RAM,1977,Chuck Knox,Chuck Knox,1
RAM,1978,Ray Malavasi,Ray Malavasi,1
RAM,1979,Ray Malavasi,Ray Malavasi,1
RAM,1980,Ray Malavasi,Ray Malavasi,1
RAM,1981,Ray Malavasi,Ray Malavasi,1
RAM,1982,Ray Malavasi,Ray Malavasi,1
RAM,1983,John Robinson,John Robinson,1
RAM,1984,John Robinson,John Robinson,1
RAM,1985,John Robinson,John Robinson,1
RAM,1986,John Robinson,John Robinson,1
RAM,1987,John Robinson,John Robinson,1
RAM,1988,John Robinson,John Robinson,1
RAM,1989,John Robinson,John Robinson,1
RAM,1990,John Robinson,John Robinson,1
RAM,1991,John Robinson,John Robinson,1
RAM,1992,Chuck Knox,Chuck Knox,1
RAM,1993,Chuck Knox,Chuck Knox,1
RAM,1994,Chuck Knox,Chuck Knox,1
RAV,1970,Don McCafferty,Don McCafferty,1
RAV,1971,Don McCafferty,Don McCafferty,1
RAV,1972,Don McCafferty,Don McCafferty / John Sandusky,2
RAV,1973,Howard Schnellenberger,Howard Schnellenberger,1
RAV,1974,Howard Schnellenberger,Howard Schnellenberger / Joe Thomas,2
RAV,1975,Ted Marchibroda,Ted Marchibroda,1
RAV,1976,Ted Marchibroda,Ted Marchibroda,1
RAV,1977,Ted Marchibroda,Ted Marchibroda,1
RAV,1978,Ted Marchibroda,Ted Marchibroda,1
RAV,1979,Ted Marchibroda,Ted Marchibroda,1
RAV,1980,Mike McCormack,Mike McCormack,1
RAV,1981,Mike McCormack,Mike McCormack,1
RAV,1982,Frank Kush,Frank Kush,1
RAV,1983,Frank Kush,Frank Kush,1
RAV,1996,Ted Marchibroda,Ted Marchibroda,1
RAV,1997,Ted Marchibroda,Ted Marchibroda,1
RAV,1998,Ted Marchibroda,Ted Marchibroda,1
RAV,1999,Brian Billick,Brian Billick,1
RAV,2000,Brian Billick,Brian Billick,1
RAV,2001,Brian Billick,Brian Billick,1
RAV,2002,Brian Billick,Brian Billick,1
RAV,2003,Brian Billick,Brian Billick,1
RAV,2004,Brian Billick,Brian Billick,1
RAV,2005,Brian Billick,Brian Billick,1
RAV,2006,Brian Billick,Brian Billick,1
RAV,2007,Brian Billick,Brian Billick,1
RAV,2008,John Harbaugh,John Harbaugh,1
RAV,2009,John Harbaugh,John Harbaugh,1
RAV,2010,John Harbaugh,John Harbaugh,1
RAV,2011,John Harbaugh,John Harbaugh,1
RAV,2012,John Harbaugh,John Harbaugh,1
RAV,2013,John Harbaugh,John Harbaugh,1
RAV,2014,John Harbaugh,John Harbaugh,1
RAV,2015,John Harbaugh,John Harbaugh,1
RAV,2016,John Harbaugh,John Harbaugh,1
RAV,2017,John Harbaugh,John Harbaugh,1
RAV,2018,John Harbaugh,John Harbaugh,1
RAV,2019,John Harbaugh,John Harbaugh,1
RAV,2020,John Harbaugh,John Harbaugh,1
RAV,2021,John Harbaugh,John Harbaugh,1
RAV,2022,John Harbaugh,John Harbaugh,1
RAV,2023,John Harbaugh,John Harbaugh,1
RAV,2024,John Harbaugh,John Harbaugh,1
SDG,1970,Charlie Waller,Charlie Waller,1
SDG,1971,Harland Svare,Harland Svare / Sid Gillman,2
SDG,1972,Harland Svare,Harland Svare,1
SDG,1973,Harland Svare,Harland Svare / Ron Waller,2
SDG,1974,Tommy Prothro,Tommy Prothro,1
SDG,1975,Tommy Prothro,Tommy Prothro,1
SDG,1976,Tommy Prothro,Tommy Prothro,1
SDG,1977,Tommy Prothro,Tommy Prothro,1
SDG,1978,Tommy Prothro,Don Coryell / Tommy Prothro,2
SDG,1979,Don Coryell,Don Coryell,1
SDG,1980,Don Coryell,Don Coryell,1
SDG,1981,Don Coryell,Don Coryell,1
SDG,1982,Don Coryell,Don Coryell,1
SDG,1983,Don Coryell,Don Coryell,1
SDG,1984,Don Coryell,Don Coryell,1
SDG,1985,Don Coryell,Don Coryell,1
SDG,1986,Don Coryell,Al Saunders / Don Coryell,2
SDG,1987,Al Saunders,Al Saunders,1
SDG,1988,Al Saunders,Al Saunders,1
SDG,1989,Dan Henning,Dan Henning,1
SDG,1990,Dan Henning,Dan Henning,1
SDG,1991,Dan Henning,Dan Henning,1
SDG,1992,Bobby Ross,Bobby Ross,1
SDG,1993,Bobby Ross,Bobby Ross,1
SDG,1994,Bobby Ross,Bobby Ross,1
SDG,1995,Bobby Ross,Bobby Ross,1
SDG,1996,Bobby Ross,Bobby Ross,1
SDG,1997,Kevin Gilbride,Kevin Gilbride,1
SDG,1998,Kevin Gilbride,June Jones / Kevin Gilbride,2
SDG,1999,Mike Riley,Mike Riley,1
SDG,2000,Mike Riley,Mike Riley,1
SDG,2001,Mike Riley,Mike Riley,1
SDG,2002,Marty Schottenheimer,Marty Schottenheimer,1
SDG,2003,Marty Schottenheimer,Marty Schottenheimer,1
SDG,2004,Marty Schottenheimer,Marty Schottenheimer,1
SDG,2005,Marty Schottenheimer,Marty Schottenheimer,1
SDG,2006,Marty Schottenheimer,Marty Schottenheimer,1
SDG,2007,Norv Turner,Norv Turner,1
SDG,2008,Norv Turner,Norv Turner,1
SDG,2009,Norv Turner,Norv Turner,1
SDG,2010,Norv Turner,Norv Turner,1
SDG,2011,Norv Turner,Norv Turner,1
SDG,2012,Norv Turner,Norv Turner,1
SDG,2013,Mike McCoy,Mike McCoy,1
SDG,2014,Mike McCoy,Mike McCoy,1
SDG,2015,Mike McCoy,Mike McCoy,1
SDG,2016,Mike McCoy,Mike McCoy,1
SDG,2017,Anthony Lynn,Anthony Lynn,1
SDG,2018,Anthony Lynn,Anthony Lynn,1
SDG,2019,Anthony Lynn,Anthony Lynn,1
SDG,2020,Anthony Lynn,Anthony Lynn,1
SDG,2021,Brandon Staley,Brandon Staley,1
SDG,2022,Brandon Staley,Brandon Staley,1
SDG,2023,Brandon Staley,Brandon Staley / Giff Smith,2
SDG,2024,Jim Harbaugh,Jim Harbaugh,1
SEA,1976,Jack Patera,Jack Patera,1
SEA,1977,Jack Patera,Jack Patera,1
SEA,1978,Jack Patera,Jack Patera,1
SEA,1979,Jack Patera,Jack Patera,1
SEA,1980,Jack Patera,Jack Patera,1
SEA,1981,Jack Patera,Jack Patera,1
SEA,1982,Jack Patera,Jack Patera / Mike McCormack,2
SEA,1983,Chuck Knox,Chuck Knox,1
SEA,1984,Chuck Knox,Chuck Knox,1
SEA,1985,Chuck Knox,Chuck Knox,1
SEA,1986,Chuck Knox,Chuck Knox,1
SEA,1987,Chuck Knox,Chuck Knox,1
SEA,1988,Chuck Knox,Chuck Knox,1
SEA,1989,Chuck Knox,Chuck Knox,1
SEA,1990,Chuck Knox,Chuck Knox,1
SEA,1991,Chuck Knox,Chuck Knox,1
SEA,1992,Tom Flores,Tom Flores,1
SEA,1993,Tom Flores,Tom Flores,1
SEA,1994,Tom Flores,Tom Flores,1
SEA,1995,Dennis Erickson,Dennis Erickson,1
SEA,1996,Dennis Erickson,Dennis Erickson,1
SEA,1997,Dennis Erickson,Dennis Erickson,1
SEA,1998,Dennis Erickson,Dennis Erickson,1
SEA,1999,Mike Holmgren,Mike Holmgren,1
SEA,2000,Mike Holmgren,Mike Holmgren,1
SEA,2001,Mike Holmgren,Mike Holmgren,1
SEA,2002,Mike Holmgren,Mike Holmgren,1
SEA,2003,Mike Holmgren,Mike Holmgren,1
SEA,2004,Mike Holmgren,Mike Holmgren,1
SEA,2005,Mike Holmgren,Mike Holmgren,1
SEA,2006,Mike Holmgren,Mike Holmgren,1
SEA,2007,Mike Holmgren,Mike Holmgren,1
SEA,2008,Mike Holmgren,Mike Holmgren,1
SEA,2009,Jim Mora,Jim Mora,1
SEA,2010,Pete Carroll,Pete Carroll,1
SEA,2011,Pete Carroll,Pete Carroll,1
SEA,2012,Pete Carroll,Pete Carroll,1
SEA,2013,Pete Carroll,Pete Carroll,1
SEA,2014,Pete Carroll,Pete Carroll,1
SEA,2015,Pete Carroll,Pete Carroll,1
SEA,2016,Pete Carroll,Pete Carroll,1
SEA,2017,Pete Carroll,Pete Carroll,1
SEA,2018,Pete Carroll,Pete Carroll,1
SEA,2019,Pete Carroll,Pete Carroll,1
SEA,2020,Pete Carroll,Pete Carroll,1
SEA,2021,Pete Carroll,Pete Carroll,1
SEA,2022,Pete Carroll,Pete Carroll,1
SEA,2023,Pete Carroll,Pete Carroll,1
SEA,2024,Mike Macdonald,Mike Macdonald,1
SFO,1970,Dick Nolan,Dick Nolan,1
SFO,1971,Dick Nolan,Dick Nolan,1
SFO,1972,Dick Nolan,Dick Nolan,1
SFO,1973,Dick Nolan,Dick Nolan,1
SFO,1974,Dick Nolan,Dick Nolan,1
SFO,1975,Dick Nolan,Dick Nolan,1
SFO,1976,Monte Clark,Monte Clark,1
SFO,1977,Ken Meyer,Ken Meyer,1
SFO,1978,Fred O'Connor,Fred O'Connor / Pete McCulley,2
SFO,1979,Bill Walsh,Bill Walsh,1
SFO,1980,Bill Walsh,Bill Walsh,1
SFO,1981,Bill Walsh,Bill Walsh,1
SFO,1982,Bill Walsh,Bill Walsh,1
SFO,1983,Bill Walsh,Bill Walsh,1
SFO,1984,Bill Walsh,Bill Walsh,1
SFO,1985,Bill Walsh,Bill Walsh,1
SFO,1986,Bill Walsh,Bill Walsh,1
SFO,1987,Bill Walsh,Bill Walsh,1
SFO,1988,Bill Walsh,Bill Walsh,1
SFO,1989,George Seifert,George Seifert,1
SFO,1990,George Seifert,George Seifert,1
SFO,1991,George Seifert,George Seifert,1
SFO,1992,George Seifert,George Seifert,1
SFO,1993,George Seifert,George Seifert,1
SFO,1994,George Seifert,George Seifert,1
SFO,1995,George Seifert,George Seifert,1
SFO,1996,George Seifert,George Seifert,1
SFO,1997,Steve Mariucci,Steve Mariucci,1
SFO,1998,Steve Mariucci,Steve Mariucci,1
SFO,1999,Steve Mariucci,Steve Mariucci,1
SFO,2000,Steve Mariucci,Steve Mariucci,1
SFO,2001,Steve Mariucci,Steve Mariucci,1
SFO,2002,Steve Mariucci,Steve Mariucci,1
SFO,2003,Dennis Erickson,Dennis Erickson,1
SFO,2004,Dennis Erickson,Dennis Erickson,1
SFO,2005,Mike Nolan,Mike Nolan,1
SFO,2006,Mike Nolan,Mike Nolan,1
SFO,2007,Mike Nolan,Mike Nolan,1
SFO,2008,Mike Nolan,Mike Nolan / Mike Singletary,2
SFO,2009,Mike Singletary,Mike Singletary,1
SFO,2010,Mike Singletary,Jim Tomsula / Mike Singletary,2
SFO,2011,Jim Harbaugh,Jim Harbaugh,1
SFO,2012,Jim Harbaugh,Jim Harbaugh,1
SFO,2013,Jim Harbaugh,Jim Harbaugh,1
SFO,2014,Jim Harbaugh,Jim Harbaugh,1
SFO,2015,Jim Tomsula,Jim Tomsula,1
SFO,2016,Chip Kelly,Chip Kelly,1
SFO,2017,Kyle Shanahan,Kyle Shanahan,1
SFO,2018,Kyle Shanahan,Kyle Shanahan,1
SFO,2019,Kyle Shanahan,Kyle Shanahan,1
SFO,2020,Kyle Shanahan,Kyle Shanahan,1
SFO,2021,Kyle Shanahan,Kyle Shanahan,1
SFO,2022,Kyle Shanahan,Kyle Shanahan,1
SFO,2023,Kyle Shanahan,Kyle Shanahan,1
SFO,2024,Kyle Shanahan,Kyle Shanahan,1
STL,1970,Charley Winner,Charley Winner,1
STL,1971,Bob Hollway,Bob Hollway,1
STL,1972,Bob Hollway,Bob Hollway,1
STL,1973,Don Coryell,Don Coryell,1
STL,1974,Don Coryell,Don Coryell,1
STL,1975,Don Coryell,Don Coryell,1
STL,1976,Don Coryell,Don Coryell,1
STL,1977,Don Coryell,Don Coryell,1
STL,1978,Bud Wilkinson,Bud Wilkinson,1
STL,1979,Bud Wilkinson,Bud Wilkinson / Larry Wilson,2
STL,1980,Jim Hanifan,Jim Hanifan,1
STL,1981,Jim Hanifan,Jim Hanifan,1
STL,1982,Jim Hanifan,Jim Hanifan,1
STL,1983,Jim Hanifan,Jim Hanifan,1
STL,1984,Jim Hanifan,Jim Hanifan,1
STL,1985,Jim Hanifan,Jim Hanifan,1
STL,1986,Gene Stallings,Gene Stallings,1
STL,1987,Gene Stallings,Gene Stallings,1
STL,1995,Rich Brooks,Rich Brooks,1
STL,1996,Rich Brooks,Rich Brooks,1
STL,1997,Dick Vermeil,Dick Vermeil,1
STL,1998,Dick Vermeil,Dick Vermeil,1
STL,1999,Dick Vermeil,Dick Vermeil,1
STL,2000,Mike Martz,Mike Martz,1
STL,2001,Mike Martz,Mike Martz,1
STL,2002,Mike Martz,Mike Martz,1
STL,2003,Mike Martz,Mike Martz,1
STL,2004,Mike Martz,Mike Martz,1
STL,2005,Mike Martz,Joe Vitt / Mike Martz,2
STL,2006,Scott Linehan,Scott Linehan,1
STL,2007,Scott Linehan,Scott Linehan,1
STL,2008,Scott Linehan,Jim Haslett / Scott Linehan,2
STL,2009,Steve Spagnuolo,Steve Spagnuolo,1
STL,2010,Steve Spagnuolo,Steve Spagnuolo,1
STL,2011,Steve Spagnuolo,Steve Spagnuolo,1
STL,2012,Jeff Fisher,Jeff Fisher,1
STL,2013,Jeff Fisher,Jeff Fisher,1
STL,2014,Jeff Fisher,Jeff Fisher,1
STL,2015,Jeff Fisher,Jeff Fisher,1
TAM,1976,John McKay,John McKay,1
TAM,1977,John McKay,John McKay,1
TAM,1978,John McKay,John McKay,1
TAM,1979,John McKay,John McKay,1
TAM,1980,John McKay,John McKay,1
TAM,1981,John McKay,John McKay,1
TAM,1982,John McKay,John McKay,1
TAM,1983,John McKay,John McKay,1
TAM,1984,John McKay,John McKay,1
TAM,1985,Leeman Bennett,Leeman Bennett,1
TAM,1986,Leeman Bennett,Leeman Bennett,1
TAM,1987,Ray Perkins,Ray Perkins,1
TAM,1988,Ray Perkins,Ray Perkins,1
TAM,1989,Ray Perkins,Ray Perkins,1
TAM,1990,Ray Perkins,Ray Perkins / Richard Williamson,2
TAM,1991,Richard Williamson,Richard Williamson,1
TAM,1992,Sam Wyche,Sam Wyche,1
TAM,1993,Sam Wyche,Sam Wyche,1
TAM,1994,Sam Wyche,Sam Wyche,1
TAM,1995,Sam Wyche,Sam Wyche,1
TAM,1996,Tony Dungy,Tony Dungy,1
TAM,1997,Tony Dungy,Tony Dungy,1
TAM,1998,Tony Dungy,Tony Dungy,1
TAM,1999,Tony Dungy,Tony Dungy,1
TAM,2000,Tony Dungy,Tony Dungy,1
TAM,2001,Tony Dungy,Tony Dungy,1
TAM,2002,Jon Gruden,Jon Gruden,1
TAM,2003,Jon Gruden,Jon Gruden,1
TAM,2004,Jon Gruden,Jon Gruden,1
TAM,2005,Jon Gruden,Jon Gruden,1
TAM,2006,Jon Gruden,Jon Gruden,1
TAM,2007,Jon Gruden,Jon Gruden,1
TAM,2008,Jon Gruden,Jon Gruden,1
TAM,2009,Raheem Morris,Raheem Morris,1
TAM,2010,Raheem Morris,Raheem Morris,1
TAM,2011,Raheem Morris,Raheem Morris,1
TAM,2012,Greg Schiano,Greg Schiano,1
TAM,2013,Greg Schiano,Greg Schiano,1
TAM,2014,Lovie Smith,Lovie Smith,1
TAM,2015,Lovie Smith,Lovie Smith,1
TAM,2016,Dirk Koetter,Dirk Koetter,1
TAM,2017,Dirk Koetter,Dirk Koetter,1
TAM,2018,Dirk Koetter,Dirk Koetter,1
TAM,2019,Bruce Arians,Bruce Arians,1
TAM,2020,Bruce Arians,Bruce Arians,1
TAM,2021,Bruce Arians,Bruce Arians,1
TAM,2022,Todd Bowles,Todd Bowles,1
TAM,2023,Todd Bowles,Todd Bowles,1
TAM,2024,Todd Bowles,Todd Bowles,1
WAS,1970,Bill Austin,Bill Austin,1
WAS,1971,George Allen,George Allen,1
WAS,1972,George Allen,George Allen,1
WAS,1973,George Allen,George Allen,1
WAS,1974,George Allen,George Allen,1
WAS,1975,George Allen,George Allen,1
WAS,1976,George Allen,George Allen,1
WAS,1977,George Allen,George Allen,1
WAS,1978,Jack Pardee,Jack Pardee,1
WAS,1979,Jack Pardee,Jack Pardee,1
WAS,1980,Jack Pardee,Jack Pardee,1
WAS,1981,Joe Gibbs,Joe Gibbs,1
WAS,1982,Joe Gibbs,Joe Gibbs,1
WAS,1983,Joe Gibbs,Joe Gibbs,1
WAS,1984,Joe Gibbs,Joe Gibbs,1
WAS,1985,Joe Gibbs,Joe Gibbs,1
WAS,1986,Joe Gibbs,Joe Gibbs,1
WAS,1987,Joe Gibbs,Joe Gibbs,1
WAS,1988,Joe Gibbs,Joe Gibbs,1
WAS,1989,Joe Gibbs,Joe Gibbs,1
WAS,1990,Joe Gibbs,Joe Gibbs,1
WAS,1991,Joe Gibbs,Joe Gibbs,1
WAS,1992,Joe Gibbs,Joe Gibbs,1
WAS,1993,Richie Petitbon,Richie Petitbon,1
WAS,1994,Norv Turner,Norv Turner,1
WAS,1995,Norv Turner,Norv Turner,1
WAS,1996,Norv Turner,Norv Turner,1
WAS,1997,Norv Turner,Norv Turner,1
WAS,1998,Norv Turner,Norv Turner,1
WAS,1999,Norv Turner,Norv Turner,1
WAS,2000,Norv Turner,Norv Turner / Terry Robiskie,2
WAS,2001,Marty Schottenheimer,Marty Schottenheimer,1
WAS,2002,Steve Spurrier,Steve Spurrier,1
WAS,2003,Steve Spurrier,Steve Spurrier,1
WAS,2004,Joe Gibbs,Joe Gibbs,1
WAS,2005,Joe Gibbs,Joe Gibbs,1
WAS,2006,Joe Gibbs,Joe Gibbs,1
WAS,2007,Joe Gibbs,Joe Gibbs,1
WAS,2008,Jim Zorn,Jim Zorn,1
WAS,2009,Jim Zorn,Jim Zorn,1
WAS,2010,Mike Shanahan,Mike Shanahan,1
WAS,2011,Mike Shanahan,Mike Shanahan,1
WAS,2012,Mike Shanahan,Mike Shanahan,1
WAS,2013,Mike Shanahan,Mike Shanahan,1
WAS,2014,Jay Gruden,Jay Gruden,1
WAS,2015,Jay Gruden,Jay Gruden,1
WAS,2016,Jay Gruden,Jay Gruden,1
WAS,2017,Jay Gruden,Jay Gruden,1
WAS,2018,Jay Gruden,Jay Gruden,1
WAS,2019,Jay Gruden,Bill Callahan / Jay Gruden,2
WAS,2020,Ron Rivera,Ron Rivera,1
WAS,2021,Ron Rivera,Ron Rivera,1
WAS,2022,Ron Rivera,Ron Rivera,1
WAS,2023,Ron Rivera,Ron Rivera,1
WAS,2024,Dan Quinn,Dan Quinn,1
